{
    "batchName": "",
    "batchTime": 1722578772,
    "boardConf": "nIR-C00M00-00",
    "boardCustom": "",
    "boardName": "NG9097",
    "boardOptions": 7,
    "boardRev": "R4M2E4",
    "cameraData": [
        [
            2,
            {
                "cameraType": 1,
                "distortionCoeff": [
                    -0.01275850273668766,
                    0.1346343755722046,
                    -0.32388266921043396,
                    0.26853638887405396,
                    0.0,
                    0.0,
                    0.0,
                    0.0,
                    0.0,
                    0.0,
                    0.0,
                    0.0,
                    0.0,
                    0.0
                ],
                "extrinsics": {
                    "rotationMatrix": [
                        [
                            0.9999268651008606,
                            0.009200028143823147,
                            0.007853221148252487
                        ],
                        [
                            -0.009083239361643791,
                            0.9998494982719421,
                            -0.014779708348214626
                        ],
                        [
                            -0.00798801239579916,
                            0.014707295224070549,
                            0.9998599290847778
                        ]
                    ],
                    "specTranslation": {
                        "x": 0.0,
                        "y": 0.0,
                        "z": 0.0
                    },
                    "toCameraSocket": 0,
                    "translation": {
                        "x": 3.74940824508667,
                        "y": -0.025968408212065697,
                        "z": -0.0639612004160881
                    }
                },
                "height": 800,
                "intrinsicMatrix": [
                    [
                        568.5132446289063,
                        0.0,
                        622.9411010742188
                    ],
                    [
                        0.0,
                        568.320068359375,
                        410.7748107910156
                    ],
                    [
                        0.0,
                        0.0,
                        1.0
                    ]
                ],
                "lensPosition": 0,
                "specHfovDeg": 127.0,
                "width": 1280
            }
        ],
        [
            1,
            {
                "cameraType": 1,
                "distortionCoeff": [
                    -0.01767771504819393,
                    0.0480182059109211,
                    -0.06212247163057327,
                    0.03166535496711731,
                    0.0,
                    0.0,
                    0.0,
                    0.0,
                    0.0,
                    0.0,
                    0.0,
                    0.0,
                    0.0,
                    0.0
                ],
                "extrinsics": {
                    "rotationMatrix": [
                        [
                            0.9998260736465454,
                            -0.005575790069997311,
                            -0.017797324806451797
                        ],
                        [
                            0.005807527806609869,
                            0.9998986721038818,
                            0.01299593597650528
                        ],
                        [
                            0.01772305928170681,
                            -0.013097033835947514,
                            0.9997571706771851
                        ]
                    ],
                    "specTranslation": {
                        "x": 0.0,
                        "y": 0.0,
                        "z": 0.0
                    },
                    "toCameraSocket": 2,
                    "translation": {
                        "x": -7.508822917938232,
                        "y": -0.05449141561985016,
                        "z": 0.02632596157491207
                    }
                },
                "height": 800,
                "intrinsicMatrix": [
                    [
                        572.3568115234375,
                        0.0,
                        626.472412109375
                    ],
                    [
                        0.0,
                        573.0089721679688,
                        398.39239501953125
                    ],
                    [
                        0.0,
                        0.0,
                        1.0
                    ]
                ],
                "lensPosition": 0,
                "specHfovDeg": 127.0,
                "width": 1280
            }
        ],
        [
            0,
            {
                "cameraType": 0,
                "distortionCoeff": [
                    -0.2310504913330078,
                    0.06363101303577423,
                    -2.0830510038649663e-05,
                    -0.0006667831912636757,
                    0.0,
                    0.0,
                    0.0,
                    0.0,
                    0.0,
                    0.0,
                    0.0,
                    0.0,
                    0.0,
                    0.0
                ],
                "extrinsics": {
                    "rotationMatrix": [
                        [
                            0.0,
                            0.0,
                            0.0
                        ],
                        [
                            0.0,
                            0.0,
                            0.0
                        ],
                        [
                            0.0,
                            0.0,
                            0.0
                        ]
                    ],
                    "specTranslation": {
                        "x": 0.0,
                        "y": 0.0,
                        "z": 0.0
                    },
                    "toCameraSocket": -1,
                    "translation": {
                        "x": 0.0,
                        "y": 0.0,
                        "z": 0.0
                    }
                },
                "height": 1080,
                "intrinsicMatrix": [
                    [
                        1099.3441162109375,
                        0.0,
                        979.5068359375
                    ],
                    [
                        0.0,
                        1097.4835205078125,
                        533.983642578125
                    ],
                    [
                        0.0,
                        0.0,
                        1.0
                    ]
                ],
                "lensPosition": 0,
                "specHfovDeg": 108.0,
                "width": 1920
            }
        ]
    ],
    "deviceName": "",
    "hardwareConf": "F1-FV01-BC001",
    "housingExtrinsics": {
        "rotationMatrix": [
            [
                0.9971888661384583,
                0.0027944494504481554,
                0.07487694174051285
            ],
            [
                -0.01147415954619646,
                0.9932129979133606,
                0.11574218422174454
            ],
            [
                -0.07404531538486481,
                -0.11627597361803055,
                0.9904530048370361
            ]
        ],
        "specTranslation": {
            "x": 0.0,
            "y": 0.0,
            "z": 0.0
        },
        "toCameraSocket": 2,
        "translation": {
            "x": 0.0,
            "y": 0.0,
            "z": 0.0
        }
    },