{
    "batchName": "",
    "batchTime": 1722578772,
    "boardConf": "nIR-C00M00-00",
    "boardCustom": "",
    "boardName": "NG9097",
    "boardOptions": 7,
    "boardRev": "R4M2E4",
    "cameraData": [
        [
            1,
            {
                "cameraType": 0,
                "distortionCoeff": [
                    -0.19350610673427582,
                    0.08721671253442764,
                    0.002476208843290806,
                    0.0017642732709646225,
                    0.0,
                    0.0,
                    0.0,
                    0.0,
                    0.0,
                    0.0,
                    0.0,
                    0.0,
                    0.0,
                    0.0
                ],
                "extrinsics": {
                    "rotationMatrix": [
                        [
                            0.9994906187057495,
                            -0.005663043353706598,
                            -0.031408313661813736
                        ],
                        [
                            0.005999283399432898,
                            0.9999256134033203,
                            0.010621567256748676
                        ],
                        [
                            0.031345825642347336,
                            -0.010804584249854088,
                            0.9994502067565918
                        ]
                    ],
                    "specTranslation": {
                        "x": -7.5,
                        "y": 0.0,
                        "z": 0.0
                    },
                    "toCameraSocket": 2,
                    "translation": {
                        "x": -7.497592926025391,
                        "y": -0.016645340248942375,
                        "z": -0.104860819876194
                    }
                },
                "height": 800,
                "intrinsicMatrix": [
                    [
                        752.572021484375,
                        0.0,
                        629.5755004882813
                    ],
                    [
                        0.0,
                        751.930419921875,
                        411.15203857421875
                    ],
                    [
                        0.0,
                        0.0,
                        1.0
                    ]
                ],
                "lensPosition": 0,
                "specHfovDeg": 127.0,
                "width": 1280
            }
        ],
        [
            2,
            {
                "cameraType": 0,
                "distortionCoeff": [
                    -0.19862176477909088,
                    0.08478539437055588,
                    0.0025062612257897854,
                    -0.0035523362457752228,
                    0.0,
                    0.0,
                    0.0,
                    0.0,
                    0.0,
                    0.0,
                    0.0,
                    0.0,
                    0.0,
                    0.0
                ],
                "extrinsics": {
                    "rotationMatrix": [
                        [
                            0.9998593926429749,
                            0.0088599668815732,
                            0.014236642979085445
                        ],
                        [
                            -0.008754258044064045,
                            0.9999337792396545,
                            -0.007470414042472839
                        ],
                        [
                            -0.014301887713372707,
                            0.007344732526689768,
                            0.9998707175254822
                        ]
                    ],
                    "specTranslation": {
                        "x": 3.75,
                        "y": 0.0,
                        "z": 0.0
                    },
                    "toCameraSocket": 0,
                    "translation": {
                        "x": 3.7382404804229736,
                        "y": -0.02294306643307209,
                        "z": -0.0061748456209897995
                    }
                },
                "height": 800,
                "intrinsicMatrix": [
                    [
                        759.803955078125,
                        0.0,
                        622.7921752929688
                    ],
                    [
                        0.0,
                        759.6181640625,
                        405.4143981933594
                    ],
                    [
                        0.0,
                        0.0,
                        1.0
                    ]
                ],
                "lensPosition": 0,
                "specHfovDeg": 127.0,
                "width": 1280
            }
        ],
        [
            0,
            {
                "cameraType": 0,
                "distortionCoeff": [
                    -0.03599246218800545,
                    -0.06054725497961044,
                    0.0061284624971449375,
                    -0.0007510276045650244,
                    0.0,
                    0.0,
                    0.0,
                    0.0,
                    0.0,
                    0.0,
                    0.0,
                    0.0,
                    0.0,
                    0.0
                ],
                "extrinsics": {
                    "rotationMatrix": [
                        [
                            0.0,
                            0.0,
                            0.0
                        ],
                        [
                            0.0,
                            0.0,
                            0.0
                        ],
                        [
                            0.0,
                            0.0,
                            0.0
                        ]
                    ],
                    "specTranslation": {
                        "x": 0.0,
                        "y": 0.0,
                        "z": 0.0
                    },
                    "toCameraSocket": -1,
                    "translation": {
                        "x": 0.0,
                        "y": 0.0,
                        "z": 0.0
                    }
                },
                "height": 2160,
                "intrinsicMatrix": [
                    [
                        3034.185546875,
                        0.0,
                        2054.5673828125
                    ],
                    [
                        0.0,
                        3036.092041015625,
                        1532.584716796875
                    ],
                    [
                        0.0,
                        0.0,
                        1.0
                    ]
                ],
                "lensPosition": 0,
                "specHfovDeg": 108.0,
                "width": 3840
            }
        ]
    ],
    "deviceName": "",
    "hardwareConf": "F1-FV01-BC001",
    "housingExtrinsics": {
        "rotationMatrix": [
            [
                0.9971888661384583,
                0.0027944494504481554,
                0.07487694174051285
            ],
            [
                -0.01147415954619646,
                0.9932129979133606,
                0.11574218422174454
            ],
            [
                -0.07404531538486481,
                -0.11627597361803055,
                0.9904530048370361
            ]
        ],
        "specTranslation": {
            "x": 0.0,
            "y": 0.0,
            "z": 0.0
        },
        "toCameraSocket": 2,
        "translation": {
            "x": 0.0,
            "y": 0.0,
            "z": 0.0
        }
    },