{
    "batchName": "",
    "batchTime": 1722578772,
    "boardConf": "nIR-C00M00-00",
    "boardCustom": "",
    "boardName": "NG9097",
    "boardOptions": 7,
    "boardRev": "R4M2E4",
    "cameraData": [
        [
            1,
            {
                "cameraType": 0,
                "distortionCoeff": [
                    0.09970907009887825,
                    0.27900724942163074,
                    -0.5406035540759808,
                    0.9559205464806332,
                    0.0,
                    0.0,
                    0.0,
                    0.0,
                    0.0,
                    0.0,
                    0.0,
                    0.0,
                    0.0,
                    0.0
                ],
                "extrinsics": {
                    "toCameraSocket": 0,
                    "rotationMatrix": [
                        [
                            0.9999778476443163,
                            -0.006017405450545165,
                            -0.0028451805352257067
                        ],
                        [
                            0.0060731877347939885,
                            0.9997811028842505,
                            0.020021556040516576
                        ],
                        [
                            0.002724079912966168,
                            -0.020038391831415692,
                            0.9997955002106341
                        ]
                    ],
                    "translation": {
                        "x": -7.505222334934997,
                        "y": -0.03712323198280363,
                        "z": -0.028418771670727976
                    },
                    "specTranslation": {
                        "x": -7.505222334934997,
                        "y": -0.03712323198280363,
                        "z": -0.028418771670727976
                    }
                },
                "height": 800,
                "intrinsicMatrix": [
                    [
                        759.0243457828417,
                        0.0,
                        619.4298892744217
                    ],
                    [
                        0.0,
                        758.9070689732641,
                        409.05575515050634
                    ],
                    [
                        0.0,
                        0.0,
                        1.0
                    ]
                ],
                "lensPosition": 0,
                "specHfovDeg": 127.0,
                "width": 1280
            }
        ],
        [
            2,
            {
                "cameraType": 0,
                "distortionCoeff": [
                    0.5261918889745338,
                    -2.626846123576903,
                    11.611261476339427,
                    -15.296616691994636,
                    0.0,
                    0.0,
                    0.0,
                    0.0,
                    0.0,
                    0.0,
                    0.0,
                    0.0,
                    0.0,
                    0.0
                ],
                "extrinsics": {
                    "toCameraSocket": 0,
                    "rotationMatrix": [
                        [
                            0.9999946304683212,
                            0.0031539632817654357,
                            -0.0008896910338565932
                        ],
                        [
                            -0.003145795871912396,
                            0.9999542195515843,
                            0.00903674550416825
                        ],
                        [
                            0.0009181518669089211,
                            -0.00903389819469544,
                            0.9999587719904005
                        ]
                    ],
                    "translation": {
                        "x": -3.742392289075944,
                        "y": -0.008541053635004079,
                        "z": -0.011158941274236424
                    },
                    "specTranslation": {
                        "x": -3.742392289075944,
                        "y": -0.008541053635004079,
                        "z": -0.011158941274236424
                    }
                },
                "height": 800,
                "intrinsicMatrix": [
                    [
                        1464.1736343458476,
                        0.0,
                        977.9888631215354
                    ],
                    [
                        0.0,
                        1459.9056506831978,
                        531.2333614298618
                    ],
                    [
                        0.0,
                        0.0,
                        1.0
                    ]
                ],
                "lensPosition": 0,
                "specHfovDeg": 127.0,
                "width": 1280
            }
        ],
        [
            0,
            {
                "cameraType": 0,
                "distortionCoeff": [
                    0.09327838147336101,
                    0.17782104934598475,
                    0.0800427668100214,
                    -0.11607134319461652,
                    0.0,
                    0.0,
                    0.0,
                    0.0,
                    0.0,
                    0.0,
                    0.0,
                    0.0,
                    0.0,
                    0.0
                ],
                "extrinsics": {
                    "rotationMatrix": [
                        [
                            0.0,
                            0.0,
                            0.0
                        ],
                        [
                            0.0,
                            0.0,
                            0.0
                        ],
                        [
                            0.0,
                            0.0,
                            0.0
                        ]
                    ],
                    "specTranslation": {
                        "x": 0.0,
                        "y": 0.0,
                        "z": 0.0
                    },
                    "toCameraSocket": -1,
                    "translation": {
                        "x": 0.0,
                        "y": 0.0,
                        "z": 0.0
                    }
                },
                "height": 2160,
                "intrinsicMatrix": [
                    [
                        767.8614470637997,
                        0.0,
                        631.9128680368582
                    ],
                    [
                        0.0,
                        768.0791292774616,
                        404.9683446474724
                    ],
                    [
                        0.0,
                        0.0,
                        1.0
                    ]
                ],
                "lensPosition": 0,
                "specHfovDeg": 108.0,
                "width": 3840
            }
        ]
    ],
    "deviceName": "",
    "hardwareConf": "F1-FV01-BC001",
    "housingExtrinsics": {
        "rotationMatrix": [
            [
                0.9971888661384583,
                0.0027944494504481554,
                0.07487694174051285
            ],
            [
                -0.01147415954619646,
                0.9932129979133606,
                0.11574218422174454
            ],
            [
                -0.07404531538486481,
                -0.11627597361803055,
                0.9904530048370361
            ]
        ],
        "specTranslation": {
            "x": 0.0,
            "y": 0.0,
            "z": 0.0
        },
        "toCameraSocket": 2,
        "translation": {
            "x": 0.0,
            "y": 0.0,
            "z": 0.0
        }
    },