{
    "batchName": "",
    "batchTime": 1722578772,
    "boardConf": "nIR-C00M00-00",
    "boardCustom": "",
    "boardName": "NG9097",
    "boardOptions": 7,
    "boardRev": "R4M2E4",
    "cameraData": [
        [
            2,
            {
                "cameraType": 0,
                "distortionCoeff": [
                    -0.19130592048168182,
                    0.12194416671991348,
                    0.002976219169795513,
                    0.003409827360883355,
                    0.0,
                    0.0,
                    0.0,
                    0.0,
                    0.0,
                    0.0,
                    0.0,
                    0.0,
                    0.0,
                    0.0
                ],
                "extrinsics": {
                    "rotationMatrix": [
                        [
                            0.9998680353164673,
                            0.009290534071624279,
                            0.013327149674296379
                        ],
                        [
                            -0.009082114323973656,
                            0.999836802482605,
                            -0.015614957548677921
                        ],
                        [
                            -0.01347004622220993,
                            0.015491858124732971,
                            0.9997892379760742
                        ]
                    ],
                    "specTranslation": {
                        "x": 0.0,
                        "y": 0.0,
                        "z": 0.0
                    },
                    "toCameraSocket": 0,
                    "translation": {
                        "x": 3.7753796577453613,
                        "y": -0.00475648557767272,
                        "z": 0.011807614006102085
                    }
                },
                "height": 800,
                "intrinsicMatrix": [
                    [
                        758.9497680664063,
                        0.0,
                        627.07470703125
                    ],
                    [
                        0.0,
                        758.4805908203125,
                        413.3917541503906
                    ],
                    [
                        0.0,
                        0.0,
                        1.0
                    ]
                ],
                "lensPosition": 0,
                "specHfovDeg": 127.0,
                "width": 1280
            }
        ],
        [
            1,
            {
                "cameraType": 0,
                "distortionCoeff": [
                    -0.213763028383255,
                    0.14726856350898743,
                    0.0019012375269085169,
                    -0.0016910084523260593,
                    0.0,
                    0.0,
                    0.0,
                    0.0,
                    0.0,
                    0.0,
                    0.0,
                    0.0,
                    0.0,
                    0.0
                ],
                "extrinsics": {
                    "rotationMatrix": [
                        [
                            0.9997714757919312,
                            -0.006143438164144754,
                            -0.020474640652537346
                        ],
                        [
                            0.006501581985503435,
                            0.999826192855835,
                            0.01747165434062481
                        ],
                        [
                            0.02036374621093273,
                            -0.017600780352950096,
                            0.9996377229690552
                        ]
                    ],
                    "specTranslation": {
                        "x": 0.0,
                        "y": 0.0,
                        "z": 0.0
                    },
                    "toCameraSocket": 2,
                    "translation": {
                        "x": -7.516981601715088,
                        "y": -0.0435589998960495,
                        "z": -0.06913414597511292
                    }
                },
                "height": 800,
                "intrinsicMatrix": [
                    [
                        767.299560546875,
                        0.0,
                        626.3781127929688
                    ],
                    [
                        0.0,
                        767.728515625,
                        407.48175048828125
                    ],
                    [
                        0.0,
                        0.0,
                        1.0
                    ]
                ],
                "lensPosition": 0,
                "specHfovDeg": 127.0,
                "width": 1280
            }
        ],
        [
            0,
            {
                "cameraType": 0,
                "distortionCoeff": [
                    -0.03913349285721779,
                    0.02895457297563553,
                    0.004901546519249678,
                    -0.0004506958939600736,
                    0.0,
                    0.0,
                    0.0,
                    0.0,
                    0.0,
                    0.0,
                    0.0,
                    0.0,
                    0.0,
                    0.0
                ],
                "extrinsics": {
                    "rotationMatrix": [
                        [
                            0.0,
                            0.0,
                            0.0
                        ],
                        [
                            0.0,
                            0.0,
                            0.0
                        ],
                        [
                            0.0,
                            0.0,
                            0.0
                        ]
                    ],
                    "specTranslation": {
                        "x": 0.0,
                        "y": 0.0,
                        "z": 0.0
                    },
                    "toCameraSocket": -1,
                    "translation": {
                        "x": 0.0,
                        "y": 0.0,
                        "z": 0.0
                    }
                },
                "height": 1080,
                "intrinsicMatrix": [
                    [
                        1473.844482421875,
                        0.0,
                        976.1532592773438
                    ],
                    [
                        0.0,
                        1470.958984375,
                        546.7476806640625
                    ],
                    [
                        0.0,
                        0.0,
                        1.0
                    ]
                ],
                "lensPosition": 0,
                "specHfovDeg": 108.0,
                "width": 1920
            }
        ]
    ],
    "deviceName": "",
    "hardwareConf": "F1-FV01-BC001",
    "housingExtrinsics": {
        "rotationMatrix": [
            [
                0.9971888661384583,
                0.0027944494504481554,
                0.07487694174051285
            ],
            [
                -0.01147415954619646,
                0.9932129979133606,
                0.11574218422174454
            ],
            [
                -0.07404531538486481,
                -0.11627597361803055,
                0.9904530048370361
            ]
        ],
        "specTranslation": {
            "x": 0.0,
            "y": 0.0,
            "z": 0.0
        },
        "toCameraSocket": 2,
        "translation": {
            "x": 0.0,
            "y": 0.0,
            "z": 0.0
        }
    },